Year,Site,Type,Management,Surveys,Survey Hrs,LT Max Adults,LT Nests,LT Nests Hatched,LT Chicks 0-14,LT Chicks 15-21,LT Fledglings,PP Max Adults,PP Nests,PP Nests Hatched,PP Chicks 0-14,PP Chicks 15-28,PP Fledglings
2025,Cottonwood Ranch,,,16,17,14,7,1,9,0,0,4,2,2,6,1,1
2025,DeWeese,,,6,3,0,0,0,0,0,0,0,0,0,0,0,0
2025,Dyer,,,19,25,14,11,0,0,0,0,14,14,2,7,0,0
2025,Ed Broadfoot and Sons,,,4,2,0,0,0,0,0,0,0,0,0,0,0,0
2025,Follmer,,,12,11,70,40,14,29,0,0,8,5,0,0,0,0
2025,Hooker Brothers East,,,6,3,0,0,0,0,0,0,0,0,0,0,0,0
2025,Hooker Brothers Southeast,,,12,6,8,4,1,1,0,0,0,0,0,0,0,0
2025,Kearney Broadfoot South,,,17,17,16,6,2,8,0,0,13,11,1,3,3,0
2025,Leaman,,,19,11,20,11,0,0,0,0,8,4,2,7,6,0
2025,Newark East,,,18,14,45,37,0,14,0,0,17,13,5,16,5,0
2025,Newark West,,,18,13,22,25,0,3,0,0,7,5,0,0,0,0
2025,Non-Access Islands Kearney Broadfoot South,,,9,5,1,0,0,0,0,0,3,0,0,0,0,0
2025,OSG Lexington,,,19,27,36,22,4,11,0,0,11,7,3,6,2,2
2025,T&F Lakeside ,,,9,5,3,0,0,0,0,0,0,0,0,0,0,0
2025,Trust Wildrose East,,,19,9,4,2,0,0,0,0,2,1,1,4,0,0
2024,Blue Hole,Sandpit,PT,35,59,26,18,11,24,16,18,12,9,6,22,8,8
2024,Cottonwood Ranch,Sandpit,HPFT,31,28,22,13,2,3,2,2,4,6,2,8,3,2
2024,DeWeese,Sandpit,NA,7,4,0,0,0,0,0,0,0,0,0,0,0,0
2024,Dyer,Sandpit,HPFT,30,40,46,38,8,17,2,0,16,12,3,11,3,3
2024,Ed Broadfoot and Sons,Sandpit,NA,7,4,0,0,0,0,0,0,0,0,0,0,0,0
2024,Follmer,Sandpit,BHPT,28,25,20,12,9,16,13,13,2,1,1,3,2,0
2024,Hooker Brothers East,Sandpit,NA,7,4,0,0,0,0,0,0,0,0,0,0,0,0
2024,Hooker Brothers Southeast,Sandpit,NA,20,10,18,9,6,10,6,5,0,0,0,0,0,0
2024,Johnson,Sandpit,PF,5,3,0,0,0,0,0,0,0,0,0,0,0,0
2024,Kearney Broadfoot South,Sandpit,BHPFTIL,33,29,18,16,4,8,4,4,13,13,2,6,1,1
2024,Leaman,Sandpit,HPFTL,34,25,32,18,16,34,26,18,6,2,2,6,3,3
2024,Newark East,Sandpit,HPFTA,39,32,55,40,16,27,21,21,18,12,8,29,27,26
2024,Newark West,Sandpit,HPFTLE,37,24,40,32,18,35,30,30,6,7,3,12,11,11
2024,Non-Access Islands Kearney Broadfoot South,Sandpit,TA,24,13,4,2,1,2,2,2,6,1,0,0,0,0
2024,NPPD Lexington,Sandpit,PFT,19,20,10,2,0,0,0,0,2,2,0,0,0,0
2024,OSG Lexington,Sandpit,BHPFT,32,51,39,21,4,8,5,5,14,8,7,19,9,6
2024,T&F Lakeside ,Sandpit,NA,8,4,0,0,0,0,0,0,0,0,0,0,0,0
2024,Trust Wildrose East,Sandpit,DP,26,13,4,0,0,0,0,0,2,1,1,4,3,3
2023,Blue Hole,Sandpit,PT,36,57,24,20,11,25,15,17,12,7,5,20,10,10
2023,Cottonwood Ranch,Sandpit,HPFT,31,20,13,6,6,18,17,17,4,3,2,6,2,2
2023,DeWeese,Sandpit,NA,7,3,0,0,0,0,0,0,0,0,0,0,0,0
2023,Dippel Island,,,0,0,0,0,0,0,0,0,,1,0,0,0,0
2023,Dyer,Sandpit,HPFT,30,24,20,14,8,19,19,19,14,9,8,28,18,16
2023,Ed Broadfoot and Sons,Sandpit,NA,10,6,0,0,0,0,0,0,0,0,0,0,0,0
2023,Follmer,Sandpit,BHPT,7,3,0,0,0,0,0,0,0,0,0,0,0,0
2023,Hooker Brothers East,Sandpit,NA,7,3,0,0,0,0,0,0,0,0,0,0,0,0
2023,Hooker Brothers Southeast,Sandpit,NA,34,17,11,9,6,15,11,8,0,0,0,0,0,0
2023,Johnson,Sandpit,PF,5,3,0,0,0,0,0,0,0,0,0,0,0,0
2023,Kearney Broadfoot South,Sandpit,BHPFTIL,27,21,18,18,11,29,9,8,15,8,7,26,13,13
2023,Leaman,Sandpit,HPFTL,25,13,2,0,0,0,0,0,3,1,1,4,0,0
2023,Newark East,Sandpit,HPFTA,37,27,41,41,34,84,44,45,12,11,10,35,12,11
2023,Newark West,Sandpit,HPFTLE,32,15,8,5,5,14,8,8,6,3,3,11,1,1
2023,Non-Access Islands Kearney Broadfoot South,Sandpit,TA,10,6,0,0,0,0,0,0,1,0,0,0,0,0
2023,NPPD Lexington,Sandpit,PFT,21,25,4,0,0,0,0,0,4,1,1,4,1,1
2023,OSG Lexington,Sandpit,BHPFT,31,21,14,11,2,3,3,2,6,3,2,6,6,2
2023,OSG Overton Pit,,,1,1,2,0,0,0,0,0,3,0,0,0,0,0
2023,T&F Lakeside ,Sandpit,NA,6,3,0,0,0,0,0,0,0,0,0,0,0,0
2023,Trust Wildrose East,Sandpit,N,20,10,0,0,0,0,0,0,2,1,1,3,2,2
2022,Blue Hole,Sandpit,PT,34,55,20,13,12,30,26,26,8,5,4,13,11,12
2022,Cottonwood Ranch,Sandpit,HPFT,24,30,18,10,8,20,17,17,2,1,1,2,1,1
2022,DeWeese,Sandpit,NA,7,4,0,0,0,0,0,0,0,0,0,0,0,0
2022,Dyer,Sandpit,HPFT,32,34,25,16,6,11,5,5,12,11,7,22,18,14
2022,Ed Broadfoot and Sons,Sandpit,NA,28,16,0,0,0,0,0,0,0,0,0,0,0,0
2022,Follmer,Sandpit,BHPT,7,4,0,0,0,0,0,0,0,0,0,0,0,0
2022,Hooker Brothers East,Sandpit,NA,7,4,0,0,0,0,0,0,0,0,0,0,0,0
2022,Hooker Brothers Southeast,Sandpit,NA,25,14,14,9,8,16,10,10,2,1,1,1,1,1
2022,Johnson,Sandpit,PF,5,3,2,0,0,0,0,0,0,0,0,0,0,0
2022,Kearney Broadfoot South,Sandpit,BHPFTILM,35,27,17,17,11,24,17,19,10,10,5,19,9,8
2022,Leaman,Sandpit,HPFTL,27,14,12,6,0,0,0,0,5,2,0,0,0,0
2022,Newark East,Sandpit,HPFTA,35,23,36,37,29,64,42,42,13,7,5,20,15,12
2022,Newark West,Sandpit,HPFTLE,30,17,14,9,4,8,5,5,6,8,1,3,0,0
2022,Non-Access Islands Kearney Broadfoot South,Sandpit,TA,28,16,0,0,0,0,0,0,1,0,0,0,0,0
2022,NPPD Lexington,Sandpit,PFT,31,45,12,2,0,0,0,0,9,7,3,9,4,0
2022,OSG Lexington,Sandpit,BHPFTM,32,40,18,9,8,23,19,19,6,3,3,11,6,4
2022,T&F Lakeside ,Sandpit,NA,7,3,0,0,0,0,0,0,0,0,0,0,0,0
2022,Trust Wildrose East,Sandpit,D,7,4,0,0,0,0,0,0,0,0,0,0,0,0
2021,Blue Hole,Sandpit,PFT,35,53,18,10,4,6,4,4,10,7,2,3,1,1
2021,Cottonwood Ranch,Sandpit,HPFT,19,11,1,0,0,0,0,0,2,1,1,4,0,0
2021,DeWeese,Sandpit,NA,7,4,0,0,0,0,0,0,0,0,0,0,0,0
2021,Dyer,Sandpit,HPFT,27,31,28,19,16,42,32,32,12,8,7,26,17,9
2021,Ed Broadfoot and Sons,Sandpit,NA,26,11,0,0,0,0,0,0,0,0,0,0,0,0
2021,Follmer,Sandpit,BHPTM,7,4,0,0,0,0,0,0,0,0,0,0,0,0
2021,Hooker Brothers East,Sandpit,NA,7,4,0,0,0,0,0,0,0,0,0,0,0,0
2021,Hooker Brothers Southeast,Sandpit,NA,24,14,17,12,10,21,6,9,1,0,0,0,0,0
2021,Johnson,Sandpit,PF,9,5,2,0,0,0,0,0,1,0,0,0,0,0
2021,Kearney Broadfoot South,Sandpit,BHPFTILM,27,28,25,20,7,18,6,6,11,13,6,19,2,2
2021,Leaman,Sandpit,HPFTL,26,15,4,0,0,0,0,0,6,5,0,0,0,0
2021,Newark East,Sandpit,HPFTA,25,17,27,18,15,40,32,33,7,5,5,19,12,12
2021,Newark West,Sandpit,HPFTLE,26,15,20,9,6,16,11,11,5,4,3,11,5,4
2021,Non-Access Islands Kearney Broadfoot South,Sandpit,BFT,26,12,2,0,0,0,0,0,2,1,1,3,0,0
2021,NPPD Lexington,Sandpit,PFT,39,55,18,10,6,15,9,7,8,5,4,14,8,7
2021,OSG Lexington,Sandpit,BVPFTCM,22,23,4,1,0,0,0,0,2,1,1,0,0,0
2021,Trust Wildrose East,Sandpit,D,7,4,0,0,0,0,0,0,0,0,0,0,0,0
2020,Blue Hole,Sandpit,PFTIL,32,45,12,8,3,5,5,6,9,7,3,10,8,7
2020,Cottonwood Ranch,Sandpit,HPFT,20,12,12,4,4,10,10,10,4,1,1,4,3,1
2020,DeWeese,Sandpit,NA,7,2,0,0,0,0,0,0,0,0,0,0,0,0
2020,Dyer,Sandpit,PFT,26,26,25,15,12,23,15,17,14,14,8,31,16,12
2020,Ed Broadfoot and Sons,Sandpit,NA,16,2,1,0,0,0,0,0,0,0,0,0,0,0
2020,Follmer,Sandpit,BHP,7,2,0,0,0,0,0,0,0,0,0,0,0,0
2020,Hooker Brothers East,Sandpit,NA,7,2,0,0,0,0,0,0,0,0,0,0,0,0
2020,Hooker Brothers Southeast,Sandpit,NA,21,6,9,6,3,6,3,3,0,0,0,0,0,0
2020,Johnson,Sandpit,PFT,0,0,0,0,0,0,0,0,0,0,0,0,0,0
2020,Kearney Broadfoot South,Sandpit,BHPFTI,31,34,32,29,20,36,20,22,14,9,6,14,6,3
2020,Leaman,Sandpit,HPFT,24,8,7,4,3,7,6,6,4,4,1,4,0,0
2020,Newark East,Sandpit,HPFTAM,28,15,20,16,15,35,20,20,8,6,3,11,6,3
2020,Newark West,Sandpit,HPFTLE,21,11,13,8,6,17,11,11,6,2,1,4,2,2
2020,Non-Access Islands Kearney Broadfoot South,Sandpit,BFT,16,4,2,0,0,0,0,0,2,0,0,0,0,0
2020,NPPD Lexington,Sandpit,PFT,30,47,23,14,7,19,7,11,9,6,5,20,11,11
2020,Trust Wildrose East,Sandpit,D,16,8,2,1,1,2,0,1,1,0,0,0,0,0
2019,Blue Hole,Sandpit,PFT,23,35,18,9,1,3,2,2,8,4,2,6,5,3
2019,Cottonwood Ranch,Sandpit,HPFT,21,10,0,0,0,0,0,0,6,2,2,6,3,0
2019,DeWeese,Sandpit,NA,6,3,0,0,0,0,0,0,0,0,0,0,0,0
2019,Dyer,Sandpit,HPFTS,27,29,27,20,16,35,21,17,19,14,12,34,12,11
2019,Ed Broadfoot and Sons,Sandpit,NA,21,2,2,0,0,0,0,0,2,1,0,0,0,0
2019,Follmer,Sandpit,BHP,7,4,0,0,0,0,0,0,0,0,0,0,0,0
2019,Hooker Brothers Southeast,Sandpit,NA,20,11,7,3,3,6,5,5,0,0,0,0,0,0
2019,Johnson,Sandpit,PFT,8,4,5,1,0,0,0,0,0,0,0,0,0,0
2019,Kearney Broadfoot South,Sandpit,BHPFTS,28,38,25,25,3,6,5,5,17,18,2,5,0,0
2019,Leaman,Sandpit,HPFTS,26,11,7,6,0,0,0,0,5,5,1,3,0,0
2019,Newark East,Sandpit,HPFTA,29,28,37,35,27,56,26,26,10,7,4,14,5,1
2019,Newark West,Sandpit,HPFTS,32,25,19,16,8,14,5,6,8,3,3,9,5,3
2019,Non-Access Islands Kearney Broadfoot South,Sandpit,BFT,23,7,2,0,0,0,0,0,2,1,0,0,0,0
2019,NPPD Lexington,Sandpit,PFT,35,55,20,17,9,17,10,10,9,5,5,17,12,12
2019,Trust Wildrose East,Sandpit,N,8,14,0,0,0,0,0,0,2,0,0,0,0,0
2018,Blue Hole,Sandpit,PFT,37,56,34,18,10,22,6,6,14,12,7,23,5,3
2018,Cottonwood Ranch,Sandpit,HPFT,20,9,0,0,0,0,0,0,2,1,1,4,0,0
2018,DeWeese,Sandpit,NA,7,3,0,0,0,0,0,0,0,0,0,0,0,0
2018,Dyer,Sandpit,GHPFTS,35,34,22,23,12,27,26,25,12,5,4,11,4,3
2018,Ed Broadfoot and Sons,Sandpit,NA,24,4,2,0,0,0,0,0,3,1,1,1,0,0
2018,Follmer,Sandpit,BHPF,7,3,0,0,0,0,0,0,0,0,0,0,0,0
2018,Hooker Brothers Southeast,Sandpit,NA,7,4,0,0,0,0,0,0,0,0,0,0,0,0
2018,Johnson,Sandpit,PFT,16,12,12,0,0,0,0,0,1,1,0,0,0,0
2018,Kearney Broadfoot South,Sandpit,BHPFTS,38,50,35,27,18,34,16,15,11,8,8,22,14,4
2018,Leaman,Sandpit,HPFTS,27,15,3,1,1,2,0,0,4,4,3,2,0,0
2018,Newark East,Sandpit,HPFTA,30,37,25,23,20,44,37,37,5,3,3,8,6,6
2018,Newark West,Sandpit,HPFTS,30,32,18,11,10,20,18,18,8,5,4,13,0,0
2018,Non-Access Islands Kearney Broadfoot South,Sandpit,BFT,32,12,3,0,0,0,0,0,2,1,0,0,0,0
2018,NPPD Lexington,Sandpit,PFT,33,43,20,9,8,19,10,16,8,4,4,11,3,7
2018,Trust Wildrose East,Sandpit,N,11,7,0,0,0,0,0,0,4,2,0,0,0,0
2017,Blue Hole,Sandpit,PFT,24,42,23,17,9,18,16,16,17,12,9,26,20,20
2017,Cottonwood Ranch,Sandpit,HPFT,24,12,1,0,0,0,0,0,2,1,1,4,1,1
2017,DeWeese,Sandpit,NA,7,3,0,0,0,0,0,0,0,0,0,0,0,0
2017,Dyer,Sandpit,GHPFT,34,33,15,11,11,25,23,21,8,4,2,6,4,3
2017,Follmer,Sandpit,BHPFT,7,3,0,0,0,0,0,0,0,0,0,0,0,0
2017,Hooker Brothers East,Sandpit,NA,1,1,0,0,0,0,0,0,0,0,0,0,0,0
2017,Hooker Brothers Southeast,Sandpit,NA,8,4,6,0,0,0,0,0,0,0,0,0,0,0
2017,Johnson,Sandpit,PFT,17,17,16,7,6,12,0,0,1,1,0,0,0,0
2017,Kearney Broadfoot South,Sandpit,BHPFT,30,45,26,31,16,27,7,7,12,10,6,18,2,2
2017,Leaman,Sandpit,HPFT,23,18,5,3,2,4,0,0,7,5,1,4,2,0
2017,Newark East,Sandpit,HPFTA,33,15,14,10,5,12,11,11,3,1,1,4,4,4
2017,Newark West,Sandpit,HPFT,28,22,18,15,6,15,11,11,11,8,6,21,11,11
2017,Non-Access Islands Kearney Broadfoot South,Sandpit,BFT,30,13,15,13,4,5,0,0,2,3,0,0,0,0
2017,NPPD Lexington,Sandpit,PFT,23,33,20,11,4,11,10,10,10,4,3,5,5,5
2017,Trust Wildrose East,Sandpit,N,18,10,0,0,0,0,0,0,4,1,1,4,4,1
2016 (O),Blue Hole,Sandpit,EFGJ,87,153,18,19,4,9,8,7,21,8,3,10,10,9
2016 (O),Cottonwood Ranch,Sandpit,AEFG,46,40,4,0,0,0,0,0,6,3,1,1,1,0
2016 (O),DeWeese,Sandpit,HM,7,4,0,0,0,0,0,0,1,0,0,0,0,0
2016 (O),Dyer,Sandpit,ABEFG,75,78,14,9,7,16,10,9,11,5,4,9,1,0
2016 (O),Elm Creek Complex East,Constructed Island,AFG,9,4,8,0,0,0,0,0,0,0,0,0,0,0
2016 (O),Elm Creek Complex West,Constructed Island,GK,8,3,4,0,0,0,0,0,1,0,0,0,0,0
2016 (O),Follmer,Sandpit,AEFGJM,7,3,0,0,0,0,0,0,0,0,0,0,0,0
2016 (O),Hooker Brothers Southeast,Sandpit,HM,15,7,6,3,3,5,0,0,2,0,0,0,0,0
2016 (O),Johnson,Sandpit,EFG,49,46,20,9,5,11,11,11,4,1,1,2,2,1
2016 (O),Kearney Broadfoot South,Sandpit,AEFGB,82,126,37,21,12,24,20,20,13,8,5,18,6,4
2016 (O),Leaman,Sandpit,AEFG,71,84,24,14,12,32,11,6,8,4,4,15,11,11
2016 (O),Newark East,Sandpit,AEFGJLMB,58,31,7,1,1,3,3,2,6,3,3,7,7,5
2016 (O),Newark West,Sandpit,AEFG,78,91,21,10,8,17,7,6,10,7,7,23,18,10
2016 (O),Non-Access Islands Kearney Broadfoot South,Sandpit,EFM,30,9,20,8,7,17,10,9,1,1,1,2,2,0
2016 (O),NPPD Lexington,Sandpit,EFG,78,110,15,11,4,8,8,8,10,6,3,9,4,4
2016 (O),Plum Creek Complex (Dyer Island),Constructed Island,F,3,0,1,0,0,0,0,0,0,0,0,0,0,0
2016 (O),PRRIP Cottonwood Ranch Island,Constructed Island,AFG,9,4,2,0,0,0,0,0,6,0,0,0,0,0
2016 (O),Shoemaker Island (Binfield) Complex,Constructed Island,FG,10,7,8,0,0,0,0,0,3,0,0,0,0,0
2016 (O),Trust Wildrose East,Sandpit,K,22,21,10,0,0,0,0,0,5,4,0,0,0,0
2016 (I),Blue Hole,Sandpit,EFGJ,87,153,18,19,7,13,3,2,21,13,5,16,13,7
2016 (I),Cottonwood Ranch,Sandpit,AEFG,46,40,4,1,0,0,0,0,6,3,3,11,0,0
2016 (I),DeWeese,Sandpit,HM,7,4,0,0,0,0,0,0,1,0,0,0,0,0
2016 (I),Dyer,Sandpit,ABEFG,75,78,14,8,6,15,5,3,11,5,5,11,1,1
2016 (I),Elm Creek Complex East,Constructed Island,AFG,9,4,8,0,0,0,0,0,0,0,0,0,0,0
2016 (I),Elm Creek Complex West,Constructed Island,GK,8,3,4,0,0,0,0,0,1,0,0,0,0,0
2016 (I),Follmer,Sandpit,AEFGJM,7,3,0,0,0,0,0,0,0,0,0,0,0,0
2016 (I),Hooker Brothers Southeast,Sandpit,HM,15,7,6,0,0,0,0,0,2,0,0,0,0,0
2016 (I),Johnson,Sandpit,EFG,49,46,20,8,6,9,6,6,4,1,1,2,2,1
2016 (I),Kearney Broadfoot South,Sandpit,AEFGB,82,126,37,25,17,33,20,18,13,9,6,20,9,7
2016 (I),Leaman,Sandpit,AEFG,71,84,24,14,12,34,17,12,8,4,4,14,12,6
2016 (I),Newark East,Sandpit,AEFGJLMB,58,31,7,1,1,3,2,2,6,3,3,7,7,3
2016 (I),Newark West,Sandpit,AEFG,78,91,21,12,10,22,6,3,10,8,7,25,19,14
2016 (I),Non-Access Islands Kearney Broadfoot South,Sandpit,EFM,30,9,20,0,0,0,0,0,1,0,0,0,0,0
2016 (I),NPPD Lexington,Sandpit,EFG,78,110,15,12,7,14,8,6,10,7,4,10,4,1
2016 (I),Plum Creek Complex (Dyer Island),Constructed Island,F,3,0,1,0,0,0,0,0,0,0,0,0,0,0
2016 (I),PRRIP Cottonwood Ranch Island,Constructed Island,AFG,9,4,2,0,0,0,0,0,6,1,0,0,0,0
2016 (I),Shoemaker Island (Binfield) Complex,Constructed Island,FG,10,7,8,2,0,0,0,0,3,1,1,2,1,1
2016 (I),Trust Wildrose East,Sandpit,K,22,21,10,0,0,0,0,0,5,0,0,0,0,0
2015 (O),Blue Hole,Sandpit,EFG,96,187,34,22,15,29,26,26,20,11,8,25,22,19
2015 (O),Cottonwood Ranch,Sandpit,AEFG,48,66,19,8,8,7,5,4,6,1,1,4,2,2
2015 (O),DeWeese,Sandpit,H,13,5,2,1,1,3,0,0,0,0,0,0,0,0
2015 (O),Dyer,Sandpit,AEFG,74,102,14,6,5,13,9,5,8,4,3,10,3,1
2015 (O),Elm Creek Complex East,Constructed Island,FG,7,4,4,0,0,0,0,0,1,0,0,0,0,0
2015 (O),Elm Creek Complex West,Constructed Island,K,7,2,7,0,0,0,0,0,1,0,0,0,0,0
2015 (O),Follmer,Sandpit,EFGJM,7,4,0,0,0,0,0,0,0,0,0,0,0,0
2015 (O),Hooker Brothers East,Sandpit,HM,7,3,0,0,0,0,0,0,0,0,0,0,0,0
2015 (O),Hooker Brothers Southeast,Sandpit,HM,21,9,8,4,4,10,9,9,2,0,0,0,0,0
2015 (O),Johnson,Sandpit,EFG,38,31,14,7,6,11,9,9,2,1,0,2,0,0
2015 (O),Kearney Broadfoot South,Sandpit,AEFGB,88,151,37,11,7,11,7,5,14,11,2,6,1,1
2015 (O),Leaman,Sandpit,ACEFG,73,101,33,37,20,42,31,26,10,6,5,16,10,7
2015 (O),Lilley - Wood River,Sandpit,H,7,3,0,0,0,0,0,0,0,0,0,0,0,0
2015 (O),Newark East,Sandpit,EFJM,8,2,0,0,0,0,0,0,1,0,0,0,0,0
2015 (O),Newark West,Sandpit,AEFGB,81,117,30,23,15,29,25,25,9,6,4,9,6,6
2015 (O),Non-Access Islands Kearney Broadfoot South,Sandpit,EFB,1,1,0,17,7,17,10,10,0,1,1,1,0,0
2015 (O),NPPD Lexington,Sandpit,EFG,76,92,12,5,4,9,5,5,8,2,2,6,4,3
2015 (O),Plum Creek Complex (Dyer Island),Constructed Island,FG,8,3,3,0,0,0,0,0,2,0,0,0,0,0
2015 (O),PRRIP Cottonwood Ranch Island,Constructed Island,AFG,11,9,4,0,0,0,0,0,3,1,1,4,3,1
2015 (O),Shoemaker Island (Binfield) Complex,Constructed Island,AFGJK,16,24,17,11,3,5,0,0,7,4,0,0,0,0
2015 (O),Speidell-Hostetler,Constructed Island,H,7,1,0,0,0,0,0,0,0,0,0,0,0,0
2015 (O),Trust Wildrose East,Sandpit,I,28,20,24,14,11,24,14,13,5,2,2,7,6,6
2015 (I),Blue Hole,Sandpit,EFG,96,187,34,29,18,39,18,16,20,11,9,32,23,19
2015 (I),Cottonwood Ranch,Sandpit,AEFG,48,66,19,8,8,15,8,6,6,1,1,4,3,1
2015 (I),DeWeese,Sandpit,H,13,5,2,0,0,0,0,0,0,0,0,0,0,0
2015 (I),Dyer,Sandpit,AEFG,74,102,14,6,6,13,6,6,8,4,3,12,0,0
2015 (I),Elm Creek Complex East,Constructed Island,FG,7,4,4,0,0,0,0,0,1,0,0,0,0,0
2015 (I),Elm Creek Complex West,Constructed Island,K,7,2,7,0,0,0,0,0,1,0,0,0,0,0
2015 (I),Follmer,Sandpit,EFGJM,7,4,0,0,0,0,0,0,0,0,0,0,0,0
2015 (I),Hooker Brothers East,Sandpit,HM,7,3,0,0,0,0,0,0,0,0,0,0,0,0
2015 (I),Hooker Brothers Southeast,Sandpit,HM,21,9,8,0,0,0,0,0,2,0,0,0,0,0
2015 (I),Johnson,Sandpit,EFG,38,31,14,7,7,10,2,2,2,1,1,4,0,0
2015 (I),Kearney Broadfoot South,Sandpit,AEFGB,88,151,37,13,10,14,12,11,14,13,5,16,6,5
2015 (I),Leaman,Sandpit,ACEFG,73,101,33,42,24,51,23,22,10,6,5,19,14,9
2015 (I),Lilley - Wood River,Sandpit,H,7,3,0,0,0,0,0,0,0,0,0,0,0,0
2015 (I),Newark East,Sandpit,EFJM,8,2,0,0,0,0,0,0,1,0,0,0,0,0
2015 (I),Newark West,Sandpit,AEFGB,81,117,30,27,18,45,12,9,9,6,4,14,10,6
2015 (I),Non-Access Islands Kearney Broadfoot South,Sandpit,EFB,1,1,0,0,0,0,0,0,0,0,0,0,0,0
2015 (I),NPPD Lexington,Sandpit,EFG,76,92,12,5,4,11,5,5,8,2,2,6,5,1
2015 (I),Plum Creek Complex (Dyer Island),Constructed Island,FG,8,3,3,0,0,0,0,0,2,0,0,0,0,0
2015 (I),PRRIP Cottonwood Ranch Island,Constructed Island,AFG,11,9,4,0,0,0,0,0,3,1,1,4,3,1
2015 (I),Shoemaker Island (Binfield) Complex,Constructed Island,AFGJK,16,24,17,10,3,5,0,0,7,6,0,0,0,0
2015 (I),Speidell-Hostetler,Constructed Island,H,7,1,0,0,0,0,0,0,0,0,0,0,0,0
2015 (I),Trust Wildrose East,Sandpit,I,28,20,24,0,0,0,0,0,5,0,0,0,0,0
2014 (O),Blue Hole,Sandpit,EFGB,110,224,30,26,14,31,24,24,16,6,5,19,11,10
2014 (O),Cottonwood Ranch,Sandpit,AEFG,79,116,18,12,10,20,13,6,8,2,2,6,5,3
2014 (O),DeWeese,Sandpit,H,7,4,0,0,0,0,0,0,0,0,0,0,0,0
2014 (O),Dippel Tract,,,2,2,2,0,0,0,0,0,0,0,0,0,0,0
2014 (O),Dyer,Sandpit,AEFG,66,94,8,0,0,0,0,0,9,6,4,9,4,0
2014 (O),Elm Creek Complex East,Constructed Island,FGJ,13,10,12,0,0,0,0,0,1,0,0,0,0,0
2014 (O),Elm Creek Complex West,Constructed Island,K,4,3,7,0,0,0,0,0,3,0,0,0,0,0
2014 (O),Follmer,Sandpit,J,7,2,0,0,0,0,0,0,0,0,0,0,0,0
2014 (O),Hooker Brothers Southeast,Sandpit,H,16,8,14,7,6,16,14,14,0,0,0,0,0,0
2014 (O),Johnson,Sandpit,EFG,57,45,12,6,0,0,0,0,4,1,1,2,1,1
2014 (O),Kearney Broadfoot South,Sandpit,AEFGB,104,171,40,5,2,4,2,2,12,10,4,12,8,0
2014 (O),Leaman,Sandpit,AEFG,70,99,34,27,15,28,17,16,6,3,3,7,6,6
2014 (O),Leaman West (Islands),River,AFK,9,4,3,0,0,0,0,0,1,0,0,0,0,0
2014 (O),Newark East,Sandpit,EFJM,27,7,3,0,0,0,0,0,0,0,0,0,0,0
2014 (O),Newark West,Sandpit,AEFGB,84,119,25,15,6,13,9,8,5,3,2,6,5,2
2014 (O),Non-Access Islands Kearney Broadfoot South,Sandpit,EFB,1,1,0,2,0,0,0,0,0,0,0,0,0,0
2014 (O),NPPD Lexington,Sandpit,EFG,48,62,2,0,0,0,0,0,10,5,2,8,0,0
2014 (O),NPPD Lexington Island,Constructed Island,G,6,3,0,0,0,0,0,0,1,0,0,0,0,0
2014 (O),"Paulsen's Lexington Pit",Sandpit,HM,16,6,1,0,0,0,0,0,4,0,0,0,0,0
2014 (O),Plum Creek Complex (Dyer Island),Constructed Island,FG,10,3,1,0,0,0,0,0,3,0,0,0,0,0
2014 (O),PRRIP Cottonwood Ranch Island,Constructed Island,AFG,38,24,7,0,0,0,0,0,6,2,0,0,0,0
2014 (O),Rowe Headquarters,,,7,3,4,0,0,0,0,0,4,0,0,0,0,0
2014 (O),Shoemaker Island (Binfield) Complex,Constructed Island,FGJK,15,11,3,0,0,0,0,0,2,0,0,0,0,0
2014 (O),Speidell-Hostetler,Constructed Island,AFGK,7,1,0,0,0,0,0,0,2,0,0,0,0,0
2014 (O),Trust Wildrose East,Sandpit,AGI,37,26,20,7,5,14,13,13,8,3,3,11,11,7
2014 (O),Wild Rose Ranch Islands,Constructed Island,H,12,8,20,0,0,0,0,0,7,0,0,0,0,0
2014 (O),Younkin Tract,,,1,2,4,0,0,0,0,0,0,0,0,0,0,0
2014 (I),Blue Hole,Sandpit,EFGB,110,224,30,42,18,39,11,10,16,8,7,26,15,13
2014 (I),Cottonwood Ranch,Sandpit,AEFG,79,116,18,13,12,28,5,4,8,2,2,7,5,4
2014 (I),DeWeese,Sandpit,H,7,4,0,0,0,0,0,0,0,0,0,0,0,0
2014 (I),Dippel Tract,,,2,2,2,0,0,0,0,0,0,0,0,0,0,0
2014 (I),Dyer,Sandpit,AEFG,66,94,8,0,0,0,0,0,9,6,4,12,3,1
2014 (I),Elm Creek Complex East,Constructed Island,FGJ,13,10,12,0,0,0,0,0,1,0,0,0,0,0
2014 (I),Elm Creek Complex West,Constructed Island,K,4,3,7,0,0,0,0,0,3,0,0,0,0,0
2014 (I),Follmer,Sandpit,J,7,2,0,0,0,0,0,0,0,0,0,0,0,0
2014 (I),Hooker Brothers Southeast,Sandpit,H,16,8,14,0,0,0,0,0,0,0,0,0,0,0
2014 (I),Johnson,Sandpit,EFG,57,45,12,6,1,2,0,0,4,1,1,1,1,0
2014 (I),Kearney Broadfoot South,Sandpit,AEFGB,104,171,40,11,6,12,4,4,12,9,7,22,11,8
2014 (I),Leaman,Sandpit,AEFG,70,99,34,38,21,40,19,12,6,3,3,9,9,9
2014 (I),Leaman West (Islands),River,AFK,9,4,3,0,0,0,0,0,1,0,0,0,0,0
2014 (I),Newark East,Sandpit,EFJM,27,7,3,0,0,0,0,0,0,0,0,0,0,0
2014 (I),Newark West,Sandpit,AEFGB,84,119,25,15,10,20,7,7,5,3,2,7,5,4
2014 (I),Non-Access Islands Kearney Broadfoot South,Sandpit,EFB,1,1,0,2,0,0,0,0,0,0,0,0,0,0
2014 (I),NPPD Lexington,Sandpit,EFG,48,62,2,0,0,0,0,0,10,5,3,12,1,1
2014 (I),NPPD Lexington Island,Constructed Island,G,6,3,0,0,0,0,0,0,1,0,0,0,0,0
2014 (I),"Paulsen's Lexington Pit",Sandpit,HM,16,6,1,0,0,0,0,0,4,1,1,4,2,2
2014 (I),Plum Creek Complex (Dyer Island),Constructed Island,FG,10,3,1,0,0,0,0,0,3,0,0,0,0,0
2014 (I),PRRIP Cottonwood Ranch Island,Constructed Island,AFG,38,24,7,0,0,0,0,0,6,2,1,4,4,4
2014 (I),Rowe Headquarters,,,7,3,4,0,0,0,0,0,4,0,0,0,0,0
2014 (I),Shoemaker Island (Binfield) Complex,Constructed Island,FGJK,15,11,3,0,0,0,0,0,2,0,0,0,0,0
2014 (I),Speidell-Hostetler,Constructed Island,AFGK,7,1,0,0,0,0,0,0,2,0,0,0,0,0
2014 (I),Trust Wildrose East,Sandpit,AGI,37,26,20,1,1,4,2,0,8,1,1,3,1,0
2014 (I),Wild Rose Ranch Islands,Constructed Island,H,12,8,20,2,0,0,0,0,7,0,0,0,0,0
2014 (I),Younkin Tract,,,1,2,4,0,0,0,0,0,0,0,0,0,0,0
2013 (O),Blue Hole,Sandpit,EFGB,98,198,22,16,9,18,16,16,10,6,5,12,7,7
2013 (O),Cottonwood Ranch,Sandpit,AEFG,72,76,11,8,1,1,0,0,4,2,1,3,0,0
2013 (O),DeWeese,Sandpit,HM,7,4,2,0,0,0,0,0,0,0,0,0,0,0
2013 (O),Dippel Tract,Constructed Island,H,1,1,2,0,0,0,0,0,0,0,0,0,0,0
2013 (O),Dyer,Sandpit,AEFGB,104,178,20,13,5,7,6,4,10,4,4,13,6,1
2013 (O),Elm Creek Complex East,Constructed Island,FGJ,30,38,11,0,0,0,0,0,3,0,0,0,0,0
2013 (O),Follmer,Sandpit,HM,7,2,0,0,0,0,0,0,0,0,0,0,0,0
2013 (O),Hooker Brothers - South,Sandpit,H,7,3,2,0,0,0,0,0,0,0,0,0,0,0
2013 (O),Hooker Brothers - West,Sandpit,H,7,3,0,0,0,0,0,0,0,0,0,0,0,0
2013 (O),Johnson,Sandpit,EFG,12,6,1,0,0,0,0,0,2,0,0,0,0,0
2013 (O),Kearney Broadfoot South,Sandpit,AEGB,105,231,21,11,5,11,11,11,17,3,3,8,6,3
2013 (O),Leaman,Sandpit,AEFL,74,86,15,5,3,6,0,0,6,1,1,4,4,4
2013 (O),Leaman West (Islands),River,BFGK,15,17,4,0,0,0,0,0,1,0,0,0,0,0
2013 (O),Newark West,Sandpit,AEFG,76,103,7,1,1,2,2,2,5,2,2,7,2,2
2013 (O),Non-Access Islands Kearney Broadfoot South,Sandpit,EB,1,1,0,10,0,0,0,0,0,1,1,3,0,0
2013 (O),NPPD Lexington,Sandpit,EFG,65,93,8,0,0,0,0,0,9,5,3,4,0,0
2013 (O),NPPD Lexington Island,Constructed Island,G,6,3,1,0,0,0,0,0,0,0,0,0,0,0
2013 (O),"Paulsen's Lexington Pit",Sandpit,HM,6,3,16,0,0,0,0,0,2,1,1,2,2,1
2013 (O),Plum Creek Complex (Dyer Island),Constructed Island,HJ,1,2,7,0,0,0,0,0,4,0,0,0,0,0
2013 (O),PRRIP Cottonwood Ranch Island,Constructed Island,FGJ,29,21,2,0,0,0,0,0,3,0,0,0,0,0
2013 (O),Rowe Headquarters,Constructed Island,H,7,5,3,0,0,0,0,0,5,0,0,0,0,0
2013 (O),Shoemaker Island (Binfield) Complex,Constructed Island,FGK,13,15,6,0,0,0,0,0,2,0,0,0,0,0
2013 (O),Trust Wildrose East,Sandpit,ABG,46,37,28,15,14,35,28,24,6,3,2,7,6,3
2013 (O),Wild Rose Ranch Islands,Constructed Island,H,1,1,10,0,0,0,0,0,3,0,0,0,0,0
2013 (I),Blue Hole,Sandpit,EFGB,98,198,22,20,10,26,16,16,10,5,5,17,12,11
2013 (I),Cottonwood Ranch,Sandpit,AEFG,72,76,11,8,1,2,0,0,4,2,1,4,0,0
2013 (I),DeWeese,Sandpit,HM,7,4,2,0,0,0,0,0,0,0,0,0,0,0
2013 (I),Dippel Tract,Constructed Island,H,1,1,2,0,0,0,0,0,0,0,0,0,0,0
2013 (I),Dyer,Sandpit,AEFGB,104,178,20,13,9,20,8,5,10,4,4,15,10,3
2013 (I),Elm Creek Complex East,Constructed Island,FGJ,30,38,11,0,0,0,0,0,3,0,0,0,0,0
2013 (I),Follmer,Sandpit,HM,7,2,0,0,0,0,0,0,0,0,0,0,0,0
2013 (I),Hooker Brothers - South,Sandpit,H,7,3,2,0,0,0,0,0,0,0,0,0,0,0
2013 (I),Hooker Brothers - West,Sandpit,H,7,3,0,0,0,0,0,0,0,0,0,0,0,0
2013 (I),Johnson,Sandpit,EFG,12,6,1,0,0,0,0,0,2,0,0,0,0,0
2013 (I),Kearney Broadfoot South,Sandpit,AEGB,105,231,21,14,6,17,7,5,17,6,3,11,6,4
2013 (I),Leaman,Sandpit,AEFL,74,86,15,6,4,5,0,0,6,1,1,4,4,4
2013 (I),Leaman West (Islands),River,BFGK,15,17,4,0,0,0,0,0,1,0,0,0,0,0
2013 (I),Newark West,Sandpit,AEFG,76,103,7,1,1,2,2,2,5,2,2,8,3,2
2013 (I),Non-Access Islands Kearney Broadfoot South,Sandpit,EB,1,1,0,16,5,9,3,2,0,1,1,4,0,0
2013 (I),NPPD Lexington,Sandpit,EFG,65,93,8,1,1,3,0,0,9,5,3,9,0,0
2013 (I),NPPD Lexington Island,Constructed Island,G,6,3,1,0,0,0,0,0,0,0,0,0,0,0
2013 (I),"Paulsen's Lexington Pit",Sandpit,HM,6,3,16,0,0,0,0,0,2,0,0,0,0,0
2013 (I),Plum Creek Complex (Dyer Island),Constructed Island,HJ,1,2,7,0,0,0,0,0,4,0,0,0,0,0
2013 (I),PRRIP Cottonwood Ranch Island,Constructed Island,FGJ,29,21,2,0,0,0,0,0,3,0,0,0,0,0
2013 (I),Rowe Headquarters,Constructed Island,H,7,5,3,0,0,0,0,0,5,0,0,0,0,0
2013 (I),Shoemaker Island (Binfield) Complex,Constructed Island,FGK,13,15,6,0,0,0,0,0,2,0,0,0,0,0
2013 (I),Trust Wildrose East,Sandpit,ABG,46,37,28,0,0,0,0,0,6,0,0,0,0,0
2013 (I),Wild Rose Ranch Islands,Constructed Island,H,1,1,10,0,0,0,0,0,3,0,0,0,0,0
2012 (O),Blue Hole,Sandpit,EFGB,90,173,27,11,9,20,11,11,21,16,10,21,21,19
2012 (O),Cottonwood Ranch,Sandpit,AEFG,15,13,0,0,0,0,0,0,0,0,0,0,0,0
2012 (O),DeWeese,Sandpit,HM,20,11,8,4,3,8,8,8,0,0,0,0,0,0
2012 (O),Dyer,Sandpit,AEFG,86,123,18,0,0,0,0,0,9,0,0,0,0,0
2012 (O),Elm Creek Complex West,Constructed Island,H,20,21,9,0,0,0,0,0,9,0,0,0,0,0
2012 (O),Follmer,Sandpit,HM,5,2,0,0,0,0,0,0,0,0,0,0,0,0
2012 (O),Hooker Brothers - South,Sandpit,HM,7,3,0,0,0,0,0,0,0,0,0,0,0,0
2012 (O),Hooker Brothers - West,Sandpit,HM,7,3,0,0,0,0,0,0,0,0,0,0,0,0
2012 (O),Johnson,Sandpit,EFG,20,14,4,0,0,0,0,0,3,0,0,0,0,0
2012 (O),Kearney Broadfoot South,Sandpit,AEGB,85,151,30,0,0,0,0,0,9,0,0,0,0,0
2012 (O),Leaman,Sandpit,AEFJ,6,3,0,0,0,0,0,0,0,0,0,0,0,0
2012 (O),Newark West,Sandpit,AEFGB,65,82,11,0,0,0,0,0,4,0,0,0,0,0
2012 (O),Non-Access Islands Kearney Broadfoot South,Sandpit,EB,1,1,0,2,0,0,0,0,0,1,1,1,0,0
2012 (O),NPPD Lexington,Sandpit,EFG,95,145,14,8,7,15,12,10,12,8,5,13,8,8
2012 (O),NPPD Lexington Island,Constructed Island,G,6,3,0,0,0,0,0,0,0,0,0,0,0,0
2012 (O),"Paulsen's Lexington Pit",Sandpit,HM,3,4,0,0,0,0,0,0,0,0,0,0,0,0
2012 (O),Shoemaker Island (Binfield) Complex,Constructed Island,BFGKO,7,2,0,0,0,0,0,0,0,0,0,0,0,0
2012 (O),Trust Wildrose East,Sandpit,AG,27,23,16,11,8,19,14,13,6,3,2,8,8,8
2012 (I),Blue Hole,Sandpit,EFGB,90,173,27,18,12,30,17,20,21,18,12,32,21,18
2012 (I),Cottonwood Ranch,Sandpit,AEFG,15,13,0,0,0,0,0,0,0,0,0,0,0,0
2012 (I),DeWeese,Sandpit,HM,20,11,8,0,0,0,0,0,0,0,0,0,0,0
2012 (I),Dyer,Sandpit,AEFG,86,123,18,9,6,13,9,7,9,7,4,9,8,6
2012 (I),Elm Creek Complex West,Constructed Island,H,20,21,9,0,0,0,0,0,9,1,1,4,4,4
2012 (I),Follmer,Sandpit,HM,5,2,0,0,0,0,0,0,0,0,0,0,0,0
2012 (I),Hooker Brothers - South,Sandpit,HM,7,3,0,0,0,0,0,0,0,0,0,0,0,0
2012 (I),Hooker Brothers - West,Sandpit,HM,7,3,0,0,0,0,0,0,0,0,0,0,0,0
2012 (I),Johnson,Sandpit,EFG,20,14,4,0,0,0,0,0,3,0,0,0,0,0
2012 (I),Kearney Broadfoot South,Sandpit,AEGB,85,151,30,26,19,45,22,17,9,5,4,15,8,5
2012 (I),Leaman,Sandpit,AEFJ,6,3,0,0,0,0,0,0,0,0,0,0,0,0
2012 (I),Newark West,Sandpit,AEFGB,65,82,11,6,4,9,7,7,4,3,2,8,5,4
2012 (I),Non-Access Islands Kearney Broadfoot South,Sandpit,EB,1,1,0,4,2,3,1,1,0,0,0,0,0,0
2012 (I),NPPD Lexington,Sandpit,EFG,95,145,14,8,7,14,11,8,12,8,5,20,11,9
2012 (I),NPPD Lexington Island,Constructed Island,G,6,3,0,0,0,0,0,0,0,0,0,0,0,0
2012 (I),"Paulsen's Lexington Pit",Sandpit,HM,3,4,0,0,0,0,0,0,0,0,0,0,0,0
2012 (I),Shoemaker Island (Binfield) Complex,Constructed Island,BFGKO,7,2,0,0,0,0,0,0,0,0,0,0,0,0
2012 (I),Trust Wildrose East,Sandpit,AG,27,23,16,0,0,0,0,0,6,0,0,0,0,0
2011,Alda Farms Island,Constructed Island,H,3,2,1,0,0,0,0,0,1,0,0,0,0,0
2011,Blue Hole,Sandpit,AEFGB,90,144,33,24,18,46,35,31,18,11,10,36,32,26
2011,Cottonwood Ranch,Sandpit,CEGJP,22,10,1,0,0,0,0,0,2,0,0,0,0,0
2011,DeWeese,Sandpit,HM,23,14,10,3,3,7,7,7,1,0,0,0,0,0
2011,Dyer,Sandpit,BCDEFGP,51,43,12,5,2,5,3,2,5,2,2,6,3,0
2011,Hooker Brothers - South,Sandpit,H,7,4,6,0,0,0,0,0,0,0,0,0,0,0
2011,Hooker Brothers - West,Sandpit,H,7,4,0,0,0,0,0,0,0,0,0,0,0,0
2011,Johnson,Sandpit,AEFG,53,33,6,1,0,0,0,0,4,2,1,3,3,3
2011,Kearney Broadfoot South,Sandpit,ABCEFGJB,76,77,23,15,8,16,13,12,13,8,5,16,11,6
2011,Lilley - Wood River,Sandpit,HM,7,4,0,0,0,0,0,0,0,0,0,0,0,0
2011,Mormon Island,Constructed Island,H,6,7,2,0,0,0,0,0,0,0,0,0,0,0
2011,Newark West,Sandpit,BEFGJB,71,56,13,19,6,15,9,9,4,0,0,0,0,0
2011,Non-Access Islands Kearney Broadfoot South,Sandpit,EFJB,1,1,0,5,1,1,0,0,0,1,1,3,0,0
2011,NPPD Cottonwood Ranch Island,Constructed Island,H,8,3,2,0,0,0,0,0,3,0,0,0,0,0
2011,NPPD Elm Creek Island,Constructed Island,H,7,1,12,0,0,0,0,0,3,0,0,0,0,0
2011,NPPD Lexington,Sandpit,AEFG,71,86,16,10,7,16,12,11,10,6,5,14,5,3
2011,NPPD Lexington Island,Constructed Island,H,4,2,2,0,0,0,0,0,1,0,0,0,0,0
2011,Trust Wildrose East,Sandpit,K,31,26,14,8,8,19,17,17,8,4,3,10,7,6
2011,Uridil Property,,,1,0,0,0,0,0,0,0,0,0,0,0,0,0
2011,Wild Rose Ranch Islands,Constructed Island,H,6,1,5,0,0,0,0,0,0,0,0,0,0,0
2010,Alda Farms Island,Constructed Island,Q,16,8,5,0,0,0,0,0,3,2,1,4,4,4
2010,Blue Hole,Sandpit,Q,53,64,25,22,12,29,4,2,15,7,6,23,19,16
2010,Cottonwood Ranch,Sandpit,Q,0,0,0,0,0,0,0,0,0,0,0,0,0,0
2010,Dahm Property,River,Q,7,1,0,0,0,0,0,0,1,0,0,0,0,0
2010,DeWeese,Sandpit,Q,7,3,0,0,0,0,0,0,0,0,0,0,0,0
2010,Dinan Tract,Constructed Island,Q,20,14,3,0,0,0,0,0,6,2,0,0,0,0
2010,Dippel Tract,Constructed Island,Q,30,18,6,0,0,0,0,0,8,5,2,7,2,0
2010,Dyer,Sandpit,Q,25,15,1,0,0,0,0,0,4,1,1,4,3,3
2010,Elm Creek Complex East,Constructed Island,Q,16,20,5,0,0,0,0,0,2,0,0,0,0,0
2010,Hooker Brothers - South,Sandpit,Q,7,3,0,0,0,0,0,0,0,0,0,0,0,0
2010,Hooker Brothers - West,Sandpit,Q,7,3,0,0,0,0,0,0,0,0,0,0,0,0
2010,Island Landhandlers - GI,Sandpit,Q,7,3,0,0,0,0,0,0,0,0,0,0,0,0
2010,Johnson,Sandpit,Q,66,38,21,5,1,2,2,2,4,3,2,6,2,2
2010,Kearney Broadfoot South,Sandpit,Q,39,32,20,3,2,5,3,3,6,2,2,7,4,0
2010,Lilley - Wood River,Sandpit,Q,7,3,0,0,0,0,0,0,0,0,0,0,0,0
2010,Mormon Island,Constructed Island,Q,10,6,4,0,0,0,0,0,3,1,0,0,0,0
2010,Newark West,Sandpit,Q,24,8,1,0,0,0,0,0,0,0,0,0,0,0
2010,NPPD Cottonwood Ranch Island,Constructed Island,Q,7,1,2,0,0,0,0,0,2,0,0,0,0,0
2010,NPPD Elm Creek Island,Constructed Island,Q,14,5,3,0,0,0,0,0,6,0,0,0,0,0
2010,NPPD Lexington,Sandpit,Q,72,96,29,21,15,39,30,29,10,6,4,12,11,10
2010,NPPD Lexington Island,Constructed Island,Q,7,4,2,0,0,0,0,0,0,0,0,0,0,0
2010,NPPD Overton Island,Constructed Island,Q,8,1,1,0,0,0,0,0,0,0,0,0,0,0
2010,PRRIP Cottonwood Ranch Island,,,8,3,7,0,0,0,0,0,10,0,0,0,0,0
2010,Triplett Trail Tract,Constructed Island,Q,7,1,4,0,0,0,0,0,1,0,0,0,0,0
2010,Trust Wildrose East,Sandpit,Q,25,33,30,17,14,28,28,28,6,3,3,11,6,5
2010,Uridil Property,Constructed Island,Q,6,1,0,0,0,0,0,0,0,0,0,0,0,0
2010,Wild Rose Ranch Islands,Constructed Island,Q,7,4,7,0,0,0,0,0,7,0,0,0,0,0
2010,Wyoming Property,River,Q,7,1,4,0,0,0,0,0,0,0,0,0,0,0
2010,Younkin Tract,Constructed Island,Q,28,20,8,0,0,0,0,0,3,1,1,2,2,2
2009,Alda Farms Island,Constructed Island,EGK,8,14,2,0,0,0,0,0,3,0,0,0,0,0
2009,Blue Hole,Sandpit,Q,48,84,22,24,16,33,21,21,6,6,3,10,7,6
2009,Broadfoot Kearney Turkey Creek,Sandpit,Q,3,3,0,0,0,0,0,0,0,0,0,0,0,0
2009,Central Sand & Gravel - GI,Sandpit,Q,1,1,0,0,0,0,0,0,0,0,0,0,0,0
2009,Cottonwood Ranch,Sandpit,AP,0,0,0,0,0,0,0,0,0,0,0,0,0,0
2009,Dahm Property,River,H,6,4,0,0,0,0,0,0,0,0,0,0,0,0
2009,DeWeese,Sandpit,Q,3,3,0,0,0,0,0,0,0,0,0,0,0,0
2009,Dinan Tract,Constructed Island,GIK,21,28,2,1,1,2,0,0,3,2,1,3,3,1
2009,Dippel Tract,Constructed Island,GK,8,13,4,2,0,0,0,0,2,0,0,0,0,0
2009,Hooker Brothers - South,Sandpit,Q,3,3,0,0,0,0,0,0,0,0,0,0,0,0
2009,Hooker Brothers - West,Sandpit,Q,3,3,0,0,0,0,0,0,0,0,0,0,0,0
2009,Hooker Brothers East,Sandpit,Q,3,3,0,0,0,0,0,0,0,0,0,0,0,0
2009,Island Landhandlers - GI,Sandpit,Q,3,3,0,0,0,0,0,0,0,0,0,0,0,0
2009,Johnson,Sandpit,Q,29,32,8,7,2,5,2,2,4,2,2,8,1,0
2009,Kearney Broadfoot South,Sandpit,Q,3,4,22,0,0,0,0,0,14,0,0,0,0,0
2009,Lilley - Wood River,Sandpit,Q,3,3,0,0,0,0,0,0,0,0,0,0,0,0
2009,Mid-Nebraska Aggregate- Minden,Sandpit,Q,2,2,0,0,0,0,0,0,0,0,0,0,0,0
2009,Mormon Island,Constructed Island,BGI,15,19,10,5,4,9,4,4,2,0,0,0,0,0
2009,Newark West,Sandpit,Q,3,2,0,0,0,0,0,0,0,0,0,0,0,0
2009,Non-Access Islands Kearney Broadfoot South,Sandpit,Q,1,1,0,2,0,0,0,0,0,0,0,0,0,0
2009,NPPD Cottonwood Ranch Island,Constructed Island,GK,5,2,0,0,0,0,0,0,2,0,0,0,0,0
2009,NPPD Elm Creek Island,Constructed Island,ABGK,7,4,2,0,0,0,0,0,4,0,0,0,0,0
2009,NPPD Lexington,Sandpit,Q,43,79,22,19,12,28,21,19,6,5,3,9,5,5
2009,NPPD Lexington Island,Constructed Island,GL,6,2,1,0,0,0,0,0,0,0,0,0,0,0
2009,NPPD Overton Island,Constructed Island,AG,5,2,2,0,0,0,0,0,0,0,0,0,0,0
2009,Rowe Headquarters,Constructed Island,GIK,4,5,0,0,0,0,0,0,2,0,0,0,0,0
2009,Triplett Trail Tract,Constructed Island,G,3,3,2,0,0,0,0,0,2,0,0,0,0,0
2009,Trust Wildrose East,Sandpit,G,3,3,1,0,0,0,0,0,0,0,0,0,0,0
2009,Uridil Property,Constructed Island,GKL,7,5,2,0,0,0,0,0,0,0,0,0,0,0
2009,Wild Rose Ranch Islands,Constructed Island,K,8,6,3,0,0,0,0,0,0,0,0,0,0,0
2009,Younkin Tract,Constructed Island,GIK,3,3,3,0,0,0,0,0,0,0,0,0,0,0
2008,Alda Farms Island,Constructed Island,GKS,14,13,8,4,0,0,0,0,1,0,0,0,0,0
2008,Blue Hole,Sandpit,EFGM,42,53,26,14,9,18,16,16,9,4,4,14,6,6
2008,Central Sand & Gravel - GI,Sandpit,HM,3,3,0,0,0,0,0,0,0,0,0,0,0,0
2008,Dahm Property,River,G,8,8,0,0,0,0,0,0,0,0,0,0,0,0
2008,DeWeese,Sandpit,HM,3,3,0,0,0,0,0,0,0,0,0,0,0,0
2008,Dinan Tract,Constructed Island,BGKS,34,29,11,2,0,0,0,0,4,3,1,3,3,3
2008,Dippel Tract,Constructed Island,G,32,48,18,12,7,12,9,9,2,1,0,0,0,0
2008,Hooker Brothers - South,Sandpit,HM,3,3,0,0,0,0,0,0,0,0,0,0,0,0
2008,Hooker Brothers - West,Sandpit,HM,3,3,0,0,0,0,0,0,0,0,0,0,0,0
2008,Hooker Brothers East,Sandpit,HM,3,3,0,0,0,0,0,0,0,0,0,0,0,0
2008,Island Landhandlers - GI,Sandpit,HM,3,3,0,0,0,0,0,0,0,0,0,0,0,0
2008,Johnson,Sandpit,EFG,34,24,13,1,0,0,0,0,4,3,3,9,1,1
2008,Kearney Broadfoot South,Sandpit,HM,3,4,26,9,0,0,0,0,8,3,0,0,0,0
2008,Lilley - Wood River,Sandpit,H,3,3,0,0,0,0,0,0,0,0,0,0,0,0
2008,Mid-Nebraska Aggregate- Minden,Sandpit,H,3,3,0,0,0,0,0,0,0,0,0,0,0,0
2008,Newark West,Sandpit,HM,3,2,0,0,0,0,0,0,0,0,0,0,0,0
2008,NPPD Cottonwood Ranch Island,Constructed Island,GK,8,5,1,0,0,0,0,0,0,0,0,0,0,0
2008,NPPD Elm Creek Island,Constructed Island,AGK,8,6,1,0,0,0,0,0,1,0,0,0,0,0
2008,NPPD Lexington,Sandpit,EFG,36,51,26,20,11,25,19,19,8,6,0,0,0,0
2008,NPPD Lexington Island,Constructed Island,AG,7,4,0,0,0,0,0,0,3,0,0,0,0,0
2008,NPPD Overton Island,Constructed Island,BG,5,4,0,0,0,0,0,0,0,0,0,0,0,0
2008,OSG Overton Pit,Sandpit,AG,1,1,0,0,0,0,0,0,0,0,0,0,0,0
2008,Triplett Trail Tract,Constructed Island,GKS,20,18,9,2,0,0,0,0,3,1,0,0,0,0
2008,Trust Wildrose East,Sandpit,G,19,16,6,0,0,0,0,0,1,0,0,0,0,0
2008,Wild Rose Ranch Islands,Constructed Island,H,19,15,2,0,0,0,0,0,1,0,0,0,0,0
2008,Wyoming Property,River,G,11,11,9,0,0,0,0,0,0,0,0,0,0,0
2007,Blue Hole,Sandpit,EFG,32,44,25,16,8,17,12,12,10,6,5,15,6,6
2007,Central Sand & Gravel - GI,Sandpit,H,3,2,0,0,0,0,0,0,0,0,0,0,0,0
2007,DeWeese,Sandpit,H,3,1,0,0,0,0,0,0,0,0,0,0,0,0
2007,Dinan Tract,Constructed Island,BEFGS,20,46,20,11,2,5,2,2,5,3,1,4,3,3
2007,Dippel Tract,Constructed Island,KL,9,12,4,2,0,0,0,0,2,1,1,4,4,4
2007,Hooker Brothers - South,Sandpit,H,3,1,0,0,0,0,0,0,0,0,0,0,0,0
2007,Hooker Brothers - West,Sandpit,H,3,1,0,0,0,0,0,0,0,0,0,0,0,0
2007,Hooker Brothers East,Sandpit,HM,3,1,0,0,0,0,0,0,0,0,0,0,0,0
2007,Island Landhandlers - GI,Sandpit,HM,3,1,0,0,0,0,0,0,0,0,0,0,0,0
2007,Johnson,Sandpit,EFG,26,23,8,6,1,2,0,0,7,4,4,12,8,5
2007,Kearney Broadfoot South,Sandpit,H,3,3,38,2,0,0,0,0,28,6,0,0,0,0
2007,Lilley - Wood River,Sandpit,HM,3,2,0,0,0,0,0,0,0,0,0,0,0,0
2007,Mid-Nebraska Aggregate- Minden,Sandpit,HM,3,1,0,0,0,0,0,0,0,0,0,0,0,0
2007,Newark West,Sandpit,H,3,3,4,2,0,0,0,0,2,1,0,0,0,0
2007,NPPD Cottonwood Ranch Island,Constructed Island,BGK,11,6,3,0,0,0,0,0,1,0,0,0,0,0
2007,NPPD Elm Creek Island,Constructed Island,BGK,11,4,2,0,0,0,0,0,1,0,0,0,0,0
2007,NPPD Lexington,Sandpit,EFG,30,44,27,14,11,26,26,26,8,6,4,10,7,7
2007,NPPD Lexington Island,Constructed Island,BGK,8,3,0,0,0,0,0,0,0,0,0,0,0,0
2007,NPPD Overton Island,Constructed Island,BGK,3,1,0,0,0,0,0,0,0,0,0,0,0,0
2007,OSG Overton Pit,Sandpit,H,3,2,0,0,0,0,0,0,2,0,0,0,0,0
2007,"Paulsen's Lexington Pit",Sandpit,H,3,2,0,0,0,0,0,0,0,0,0,0,0,0
2006,Blue Hole,Sandpit,EFG,35,39,34,19,10,23,19,19,8,6,6,22,21,21
2006,Central Sand & Gravel - GI,Sandpit,HM,3,2,0,0,0,0,0,0,0,0,0,0,0,0
2006,DeWeese,Sandpit,HM,3,2,0,0,0,0,0,0,0,0,0,0,0,0
2006,Hooker Brothers - South,Sandpit,HM,3,1,0,0,0,0,0,0,0,0,0,0,0,0
2006,Hooker Brothers - West,Sandpit,HM,3,1,0,0,0,0,0,0,1,0,0,0,0,0
2006,Island Landhandlers - GI,Sandpit,HM,3,1,0,0,0,0,0,0,0,0,0,0,0,0
2006,Johnson,Sandpit,EFG,39,24,12,10,5,6,6,6,12,4,3,10,6,6
2006,Kearney Broadfoot South,Sandpit,HM,3,3,37,4,0,0,0,0,12,5,0,0,0,0
2006,Lilley - Wood River,Sandpit,HM,3,2,0,0,0,0,0,0,0,0,0,0,0,0
2006,Mid-Nebraska Aggregate- Minden,Sandpit,HM,3,1,0,0,0,0,0,0,0,0,0,0,0,0
2006,Newark West,Sandpit,HM,3,3,6,1,0,0,0,0,4,2,0,0,0,0
2006,NPPD Cottonwood Ranch Island,Constructed Island,H,9,3,4,0,0,0,0,0,0,0,0,0,0,0
2006,NPPD Elm Creek Island,Constructed Island,H,9,3,0,0,0,0,0,0,2,0,0,0,0,0
2006,NPPD Lexington,Sandpit,EFG,33,38,27,20,4,9,2,2,6,5,2,5,2,2
2006,NPPD Lexington Island,Constructed Island,H,8,2,0,0,0,0,0,0,0,0,0,0,0,0
2006,NPPD Overton Island,Constructed Island,H,3,1,0,0,0,0,0,0,0,0,0,0,0,0
2006,OSG Overton Pit,Sandpit,H,2,2,2,0,0,0,0,0,0,0,0,0,0,0
2006,"Paulsen's Lexington Pit",Sandpit,H,8,3,0,0,0,0,0,0,2,0,0,0,0,0
2005,Blue Hole,Sandpit,EFGM,34,37,26,13,3,5,4,4,7,6,3,9,8,8
2005,Bruner - Shelton,Sandpit,MR,16,16,22,12,10,20,17,17,5,3,3,11,2,2
2005,Central Sand & Gravel - GI,Sandpit,H,3,2,0,0,0,0,0,0,1,0,0,0,0,0
2005,DeWeese,Sandpit,HM,3,1,0,0,0,0,0,0,0,0,0,0,0,0
2005,Hooker Brothers - South,Sandpit,HM,3,1,0,0,0,0,0,0,0,0,0,0,0,0
2005,Hooker Brothers - West,Sandpit,HM,3,1,0,0,0,0,0,0,0,0,0,0,0,0
2005,Island Landhandlers - GI,Sandpit,HM,3,1,0,0,0,0,0,0,0,0,0,0,0,0
2005,Johnson,Sandpit,EFG,34,28,28,18,14,25,21,21,5,5,4,14,12,12
2005,Kearney Broadfoot South,Sandpit,HM,3,3,56,2,0,0,0,0,14,2,0,0,0,0
2005,Lilley - Wood River,Sandpit,HM,3,1,0,0,0,0,0,0,0,0,0,0,0,0
2005,Newark West,Sandpit,HM,3,3,8,2,0,0,0,0,8,3,0,0,0,0
2005,NPPD Cottonwood Ranch Island,Constructed Island,H,9,8,2,0,0,0,0,0,1,0,0,0,0,0
2005,NPPD Elm Creek Island,Constructed Island,H,9,4,0,0,0,0,0,0,0,0,0,0,0,0
2005,NPPD Lexington,Sandpit,EFG,34,39,27,13,11,23,20,20,7,6,5,12,6,6
2005,NPPD Lexington Island,Constructed Island,H,8,4,13,0,0,0,0,0,0,0,0,0,0,0
2005,NPPD Overton Island,Constructed Island,H,8,3,2,0,0,0,0,0,0,0,0,0,0,0
2005,OSG Overton Pit,Sandpit,H,2,1,0,0,0,0,0,0,0,0,0,0,0,0
2005,"Paulsen's Lexington Pit",Sandpit,H,2,1,0,0,0,0,0,0,0,0,0,0,0,0
2005,TF Odessa,Sandpit,H,2,1,0,0,0,0,0,0,0,0,0,0,0,0
2004,Blue Hole,Sandpit,EFG,43,52,28,20,18,40,33,33,9,5,4,15,13,13
2004,Bruner - Shelton,Sandpit,HM,20,13,8,5,4,9,9,9,2,0,0,0,0,0
2004,Central Sand & Gravel - GI,Sandpit,HM,3,2,0,0,0,0,0,0,0,0,0,0,0,0
2004,DeWeese,Sandpit,HM,3,2,0,0,0,0,0,0,0,0,0,0,0,0
2004,Hooker Brothers - South,Sandpit,HM,3,1,0,0,0,0,0,0,0,0,0,0,0,0
2004,Hooker Brothers - West,Sandpit,HM,3,1,0,0,0,0,0,0,0,0,0,0,0,0
2004,Island Landhandlers - GI,Sandpit,HM,3,1,0,0,0,0,0,0,0,0,0,0,0,0
2004,Johnson,Sandpit,EFG,33,23,12,8,3,3,0,0,5,3,2,8,2,2
2004,Kearney Broadfoot South,Sandpit,HM,3,2,29,2,2,3,0,0,17,3,0,0,0,0
2004,Knight - Chapman,Sandpit,H,1,0,0,0,0,0,0,0,0,0,0,0,0,0
2004,Lilley - Wood River,Sandpit,HM,3,2,2,0,0,0,0,0,0,0,0,0,0,0
2004,Newark West,Sandpit,HM,3,3,12,4,2,5,0,0,4,3,1,2,2,2
2004,NPPD Cottonwood Ranch Island,Constructed Island,G,11,10,4,0,0,0,0,0,0,0,0,0,0,0
2004,NPPD Elm Creek Island,Constructed Island,G,9,4,0,0,0,0,0,0,1,0,0,0,0,0
2004,NPPD Lexington,Sandpit,EFG,38,41,22,15,9,20,18,18,12,4,3,11,8,8
2004,NPPD Lexington Island,Constructed Island,G,8,2,0,0,0,0,0,0,0,0,0,0,0,0
2004,NPPD Overton Island,Constructed Island,G,10,5,0,0,0,0,0,0,0,0,0,0,0,0
2004,OSG Overton Pit,Sandpit,G,2,1,0,0,0,0,0,0,0,0,0,0,0,0
2004,"Paulsen's Lexington Pit",Sandpit,HM,15,5,0,0,0,0,0,0,1,1,0,0,0,0
2004,TF Odessa,Sandpit,G,2,1,0,0,0,0,0,0,0,0,0,0,0,0
2003,Blue Hole,Sandpit,EFG,32,41,29,21,15,34,34,34,9,6,6,21,18,18
2003,Bruner - Shelton,Sandpit,HM,16,9,4,2,2,4,4,4,1,0,0,0,0,0
2003,Central Sand & Gravel - GI,Sandpit,HM,3,2,0,0,0,0,0,0,0,0,0,0,0,0
2003,DeWeese,Sandpit,HM,3,2,0,0,0,0,0,0,0,0,0,0,0,0
2003,Hooker Brothers - South,Sandpit,HM,3,1,0,0,0,0,0,0,0,0,0,0,0,0
2003,Hooker Brothers - West,Sandpit,HM,2,1,0,0,0,0,0,0,0,0,0,0,0,0
2003,Island Landhandlers - GI,Sandpit,HM,3,2,0,0,0,0,0,0,0,0,0,0,0,0
2003,Johnson,Sandpit,EFG,33,22,8,7,5,9,6,6,4,3,2,7,0,0
2003,Kearney Broadfoot South,Sandpit,HM,3,3,28,16,0,0,0,0,8,2,0,0,0,0
2003,Knight - Chapman,Sandpit,H,3,1,0,0,0,0,0,0,0,0,0,0,0,0
2003,Lilley - Wood River,Sandpit,HM,3,2,0,0,0,0,0,0,0,0,0,0,0,0
2003,Newark West,Sandpit,HM,3,2,12,6,0,0,0,0,2,1,0,0,0,0
2003,NPPD Cottonwood Ranch Island,Constructed Island,G,8,3,0,0,0,0,0,0,1,0,0,0,0,0
2003,NPPD Elm Creek Island,Constructed Island,G,5,2,0,0,0,0,0,0,0,0,0,0,0,0
2003,NPPD Lexington,Sandpit,EFG,31,40,22,19,9,15,13,13,9,6,5,15,6,6
2003,NPPD Lexington Island,Constructed Island,G,5,2,0,0,0,0,0,0,0,0,0,0,0,0
2003,NPPD Overton Island,Constructed Island,G,8,3,2,0,0,0,0,0,0,0,0,0,0,0
2003,OSG Overton Pit,Sandpit,G,2,1,0,0,0,0,0,0,0,0,0,0,0,0
2003,"Paulsen's Lexington Pit",Sandpit,G,2,1,0,0,0,0,0,0,0,0,0,0,0,0
2003,TF Odessa,Sandpit,G,2,1,0,0,0,0,0,0,0,0,0,0,0,0
2002,Alda - South,Sandpit,H,3,1,0,0,0,0,0,0,0,0,0,0,0,0
2002,Blue Hole,Sandpit,EFG,35,47,37,17,14,33,32,32,14,8,8,27,19,19
2002,Broadfoot - Kearney Southeast,Sandpit,H,3,2,0,0,0,0,0,0,0,0,0,0,0,0
2002,Bruner - Shelton,Sandpit,HM,9,4,4,2,0,0,0,0,0,0,0,0,0,0
2002,Central Sand & Gravel - GI,Sandpit,HM,3,1,0,0,0,0,0,0,0,0,0,0,0,0
2002,DeWeese,Sandpit,HM,3,1,0,0,0,0,0,0,0,0,0,0,0,0
2002,Hooker Brothers - South,Sandpit,HM,3,1,0,0,0,0,0,0,0,0,0,0,0,0
2002,Hooker Brothers - West,Sandpit,HM,4,3,0,0,0,0,0,0,0,0,0,0,0,0
2002,Island Landhandlers - GI,Sandpit,HM,3,1,0,0,0,0,0,0,0,0,0,0,0,0
2002,JIL Asphalt - GI,Sandpit,H,3,2,0,0,0,0,0,0,0,0,0,0,0,0
2002,Johnson,Sandpit,EFG,31,17,5,3,3,5,3,3,2,1,1,3,3,3
2002,Kearney Broadfoot South,Sandpit,HMB,3,4,26,5,0,0,0,0,16,5,0,0,0,0
2002,Knight - Chapman,Sandpit,H,3,2,0,0,0,0,0,0,0,0,0,0,0,0
2002,Lilley - Wood River,Sandpit,HM,3,2,0,0,0,0,0,0,0,0,0,0,0,0
2002,Newark West,Sandpit,HMB,3,3,10,5,0,0,0,0,2,1,0,0,0,0
2002,NPPD Elm Creek Island,Constructed Island,H,6,4,0,0,0,0,0,0,0,0,0,0,0,0
2002,NPPD Lexington,Sandpit,EFG,35,47,34,17,13,27,24,24,6,6,5,10,6,6
2002,NPPD Lexington Island,Constructed Island,G,7,8,1,0,0,0,0,0,0,0,0,0,0,0
2002,NPPD Overton Island,Constructed Island,G,6,3,0,0,0,0,0,0,0,0,0,0,0,0
2002,OSG Overton Pit,Sandpit,HM,3,1,0,0,0,0,0,0,0,0,0,0,0,0
2002,"Paulsen's Lexington Pit",Sandpit,HM,3,1,0,0,0,0,0,0,0,0,0,0,0,0
2002,TF Odessa,Sandpit,HM,3,2,0,0,0,0,0,0,0,0,0,0,0,0
2001,A,Sandpit,H,1,1,0,0,0,0,0,0,0,0,0,0,0,0
2001,Alda - South,Sandpit,EFG,2,2,0,0,0,0,0,0,0,0,0,0,0,0
2001,Blue Hole,Sandpit,EFG,24,21,12,11,8,19,18,18,6,4,4,14,11,11
2001,Bruner - Gibbon,Sandpit,H,3,3,0,0,0,0,0,0,0,0,0,0,0,0
2001,Bruner - Shelton,Sandpit,H,3,3,0,0,0,0,0,0,0,0,0,0,0,0
2001,Central Sand & Gravel - GI,Sandpit,H,3,3,0,0,0,0,0,0,0,0,0,0,0,0
2001,DeWeese,Sandpit,H,3,3,0,0,0,0,0,0,0,0,0,0,0,0
2001,F,Sandpit,H,1,1,0,0,0,0,0,0,0,0,0,0,0,0
2001,Hooker Brothers - South,Sandpit,H,3,3,0,0,0,0,0,0,0,0,0,0,0,0
2001,Hooker Brothers - West,Sandpit,H,3,3,0,0,0,0,0,0,0,0,0,0,0,0
2001,Island Landhandlers - GI,Sandpit,H,3,3,0,0,0,0,0,0,0,0,0,0,0,0
2001,JIL Asphalt - GI,Sandpit,H,2,2,0,0,0,0,0,0,0,0,0,0,0,0
2001,Johnson,Sandpit,EFG,26,20,9,6,4,9,9,9,4,2,1,4,3,3
2001,Knight - Chapman,Sandpit,Q,3,3,0,0,0,0,0,0,0,0,0,0,0,0
2001,"Koch's South",Sandpit,Q,19,19,8,0,0,0,0,0,4,0,0,0,0,0
2001,Lilley - Wood River,Sandpit,H,5,5,4,2,0,0,0,0,0,0,0,0,0,0
2001,North Platte Diversion,Sandpit,Q,14,14,11,0,0,0,0,0,1,0,0,0,0,0
2001,NPPD Elm Creek Island,Constructed Island,E,8,8,1,0,0,0,0,0,0,0,0,0,0,0
2001,NPPD Lexington,Sandpit,EFG,26,30,16,8,8,18,17,17,7,3,3,10,9,8
2001,NPPD Lexington Island,Constructed Island,EG,7,6,1,0,0,0,0,0,0,0,0,0,0,0
2001,NPPD Overton Island,Constructed Island,H,8,7,2,0,0,0,0,0,2,0,0,0,0,0
2001,OSG Overton Pit,Sandpit,H,3,3,0,0,0,0,0,0,0,0,0,0,0,0
2001,"Paulsen's Lexington Pit",Sandpit,H,3,2,0,0,0,0,0,0,0,0,0,0,0,0
2001,TF Elm Creek,Sandpit,H,3,3,0,0,0,0,0,0,0,0,0,0,0,0
2001,TF Odessa,Sandpit,H,8,6,0,0,0,0,0,0,1,1,0,0,0,0
2001,Trust Wildrose East,Sandpit,H,3,3,0,0,0,0,0,0,0,0,0,0,0,0
2001,Wildrose Lake - West,Sandpit,H,3,3,0,0,0,0,0,0,0,0,0,0,0,0